"READING_DATE","Forge Hallway - Temperature","Forge Room - Temperature","IT Closet-Temperature","Temp South Wall","Temperature North Wall"
"-1","20.86319","22.32465","26.69375","2.27014","1.17882"
"-1","20.32222","21.6316","26.05069","0.88993","-2.1441"
"-1","20.11319","21.6191","25.86528","-2.42396","-3.2375"
"-1","20.20208","21.70729","26.20243","1.87049","3.0059"
"-1","18.65035","20.12118","24.89757","4.55417","5.33993"
"-1","18.36316","20.05439","24.4","1.57188","-3.83624"
"-1","22.14755","22.97157","29.02941","-0.6691","-4.82997"
"-1","21.08785","21.85938","28.18299","-0.21701","-0.36354"
"-1","20.65347","21.95451","27.98819","0.71608","2.25775"
"-1","20.405","21.78964","27.64679","3.78561","5.32474"
"-1","20.04201","21.54063","26.73924","3.31389","4.87431"
"-1","18.27609","19.5337","24.8413","2.7413","4.43406"
"-1","18.21111","19.37188","24.48264","2.89757","2.67396"
"-1","20.98403","21.70972","26.58715","4.69688","1.09375"
"-1","20.78542","21.80938","28.96701","5.73646","4.00451"
"-1","20.71285","21.50938","33.11632","6.54271","7.66563"
"-1","20.56007","21.42257","31.04583","10.61875","10.52222"
"-1","21.19514","22.04653","27.28958","13.77431","10.31701"
"-1","19.89931","20.47014","25.64931","8.05451","3.39236"
"-1","18.76007","19.61493","24.64132","3.50732","2.5554"
"-1","20.53021","21.26944","26.50347","6.40243","6.56771"
"-1","20.47222","21.87396","27.25278","6.84063","5.00139"
"-1","20.2122","21.67178","26.92892","-1.53972","-0.68432"
"-1","20.81563","21.72708","26.20972","2.60972","-2.41458"
"-1","20.04792","21.23576","25.23715","2.15174","-2.92847"
"-1","19.10208","19.65556","24.95347","0.90556","-3.57596"
"-1","19.24306","19.7184","24.83472","1.46736","-2.89236"
"-1","20.97396","21.67951","26.39896","2.96215","-0.59375"
"-1","20.86771","21.56528","26.43924","6.22257","2.67535"
"-1","21.33659","22.18223","26.95889","7.30836","4.93681"
"-1","20.59514","22.06111","27.20104","4.89861","5.01458"
"-1","20.90799","22.29861","28.90625","9.26424","7.2059"
"-1","20.1625","20.52396","28.17813","10.92396","7.08819"
"-1","19.4566","19.96493","27.6691","9.50556","7.18056"
"-1","20.62569","21.48333","27.61632","8.66319","9.4441"
"-1","20.15556","21.25868","27.2684","5.95","5.4684"
"-1","20.25521","21.53333","29.74271","6.55972","7.30764"
"-1","21.01761","22.18979","30.29437","8.94754","7.24296"
"-1","20.90382","21.74618","28.83507","7.57153","8.60069"
"-1","21.40903","21.72882","26.97778","12.18958","10.50313"
"-1","20.73819","21.44514","26.9191","10.4","12.17882"
"-1","22.81771","23.78056","28.75278","15.72049","15.75382"
"-1","22.99091","23.50769","28.62657","14.93229","10.11638"
"-1","22.60868","23.47465","28.30451","10.64792","10.19792"
"-1","22.61944","22.98021","27.79097","13.91285","10.15347"
"-1","21.27882","22.05104","27.52951","6.85347","5.41632"
"-1","19.20938","20.16875","27.12222","5.01979","6.37083"
"-1","18.28819","19.0434","25.97465","4.87951","6.16667"
"-1","20.06285","21.06285","27.23681","4.10972","3.35871"
"-1","19.76319","20.78646","27.44097","4.59965","0"
"-1","20.22326","21.3934","27.36979","5.03194","0"
"-1","20.51007","21.49306","27.67222","6.98229","0"
"-1","20.67257","21.47257","28.63264","6.16493","0"
"-1","20.95208","21.37118","28.74792","12.93438","0"
"-1","20.77986","21.36736","28.85729","11.18125","0"
"-1","20.56319","21.3625","28.27431","11.40208","0"
"-1","21.08472","21.92153","28.15208","10.7191","0"
"-1","22.52639","22.89861","28.18125","15.98854","0"
"-1","21.82292","22.69896","28.4566","13.13785","0"
"-1","20.51632","21.57292","26.93889","10.96076","0"
"-1","21.26736","21.55069","26.77951","14.26979","0"
"-1","20.36076","20.96285","26.32569","11.62813","0"
"-1","22.04618","22.51146","27.38333","13.60972","0"
"-1","21.32431","22.33542","28.00694","8.95556","0"
"-1","22.07569","22.20521","30.55417","13.27049","0"
"-1","23.10625","23.32465","30.75799","16.07882","0"
"-1","22.34618","23.05139","28.29375","13.53611","14.85876"
"-1","22.32118","22.57569","27.50313","16.42361","14.14618"
"-1","22.97465","23.05451","27.77951","16.98229","13.86875"
"-1","24.09236","24.17951","28.90729","17.78993","15.47292"
"-1","23.3191","23.62431","28.5941","17.23472","15.80694"
"-1","24.05833","24.01493","29.14028","18.40627","16.9566"
"-1","24.0375","24.34375","30.41007","17.45764","17.44861"
"-1","24.43264","24.30347","30.43576","20.87569","20.34688"
"-1","23.78229","24.41771","31.3125","17.45799","17.70313"
"-1","20.74861","21.34514","28.38056","13.32049","11.425"
"-1","20.91146","21.51771","27.59826","11.22188","10.5934"
"-1","21.35","21.8934","27.08125","11.65347","11.92986"
"-1","22.55556","22.89514","29.03542","15.01672","15.82613"
"-1","22.98958","22.71632","29.19375","18.50764","18.93576"
"-1","22.94132","22.26424","28.07396","20.72431","20.03715"
"-1","25.83125","25.66528","31.01632","25.13715","22.35799"
"-1","25.77882","25.78229","31.10521","19.71364","21.36701"
"-1","23.87083","23.58333","29.66806","20.8566","21.7"
"-1","23.58924","23.62535","29.26319","21.91285","18.73681"
"-1","22.25451","22.49375","27.87813","15.68885","15.47604"
"-1","21.58502","21.60314","26.95645","16.80868","16.99443"
"-1","20.74757","21.05417","26.05104","14.5559","14.27778"
"-1","20.71979","20.98264","25.66424","16.03889","16.70035"
"-1","22.87431","22.81875","27.16875","20.70868","20.0684"
"-1","23.23264","22.5309","27.92361","23.97361","23.06979"
"-1","23.9125","23.18125","28.92326","28.12118","26.75139"
"-1","24.82118","24.3934","31.20174","27.64722","25.95139"
"-1","23.4547","22.97108","29.92125","21.12056","17.00279"
"-1","23.20938","22.47778","29.41979","22.67743","19.70243"
"-1","23.54549","23.75799","30.21458","17.04549","18.36597"
"-1","24.88542","24.46667","30.54444","22.85521","21.34063"
"-1","23.98125","23.13854","30.32014","25.54757","23.31528"
"-1","24.27118","23.56667","29.78056","27.12431","25.41181"
"-1","24.78611","24.09444","30.27743","29.93229","27.87951"
"-1","24.25382","23.75486","30.37118","26.05972","23.65278"
"-1","23.38229","23.05694","30.80035","21.12431","18.2809"
"-1","24.33681","24.32569","31.57569","20.67674","20.33889"
"-1","24.27951","24.37431","31.62951","20.60799","17.97986"
"-1","23.29722","23.34306","31.22083","20.41215","16.94826"
"-1","23.52222","23.02743","30.82292","21.68056","19.35729"
"-1","24.09306","23.62708","29.26319","25.24896","23.28785"
"-1","24.10382","23.69722","29.82396","23.90903","23.44479"
"-1","24.45104","23.87083","33.075","23.99583","23.73819"
"-1","26.38056","25.59306","38.92257","25.95208","24.33785"
"-1","26.47361","25.92465","39.12813","23.31701","21.92813"
"-1","24.42674","23.62535","33.0816","24.73576","23.0559"
"-1","24.50174","24.06701","29.06389","26.27326","25.28229"
"-1","24.62118","24.8059","30.325","21.06389","22.24167"
"-1","24.05278","24.0184","30.81354","22.93576","22.70208"
"-1","23.10938","23.20104","29.30313","22.50174","22.47639"
"-1","23.75729","24.03264","29.44063","21.39201","20.83958"
"-1","25.41493","25.47083","30.75486","23.5559","21.7875"
"-1","24.22292","24.02743","29.97951","24.43438","22.84028"
"-1","24.67396","24.34132","30.01285","25.24167","24.18681"
"-1","23.92222","23.55556","29.3566","21.64792","20.37153"
"-1","23.3934","22.57708","29.08785","24.38507","21.80556"
"-1","23.97813","23.01215","30.48438","26.51424","23.53507"
"-1","26.43021","26.01875","35.09236","25.88507","25.53299"
"-1","27.69861","26.95556","40.13507","29.85972","26.0934"
"-1","25.05799","24.08958","34.77222","28.46667","25.02882"
"-1","24.69549","24.07604","31.30868","28.60104","26.81667"
"-1","25.0434","24.31875","31.08889","28.04896","27.19132"
"-1","24.46424","23.86563","30.39132","26.40278","24.86042"
"-1","24.33507","23.64931","30.23368","28.44861","25.86875"
"-1","26.81424","26.60764","32.52326","27.53646","25.07604"
"-1","27.48785","27.44444","33.29444","28.45243","27.42674"
"-1","25.07778","24.2191","32.00104","30.52535","29.4559"
"-1","24.91146","23.91146","31.99063","31.26597","28.21493"
"-1","24.59028","23.90243","31.18056","27.72535","24.08924"
"-1","24.34132","23.75139","30.64306","27.04757","24.28681"
"-1","24.50938","23.60938","30.79479","27.53715","25.41424"
"-1","27.15903","26.47326","32.61389","29.71111","27.8059"
"-1","28.01215","27.05243","32.94583","33.32778","30.54896"
"-1","25.20625","24.03681","31.31042","32.44444","29.89618"
"-1","25.03611","24.16563","30.26493","30.23403","28.59375"
"-1","25.14688","24.17431","30.36979","33.08819","30.775"
"-1","25.3816","24.31111","30.84236","34.96424","33.17083"
"-1","25.10347","24.38993","30.66528","32.43194","29.57153"
"-1","27.76806","27.55799","32.86944","31.20278","28.49688"
"-1","28.06146","27.71701","32.9875","28.87292","27.04896"
"-1","25.1625","24.18611","31.78194","26.56111","26.21354"
"-1","24.5816","23.78507","31.58333","27.37674","24.44097"
"-1","24.37222","23.69514","31.21597","27.99167","24.46424"
"-1","24.58889","24.46875","31.40417","24.8566","24.95313"
"-1","24.76458","23.73715","31.52951","26.92049","26.99514"
"-1","27.19896","26.19583","34.00833","30.72639","27.07847"
"-1","27.73681","26.79063","34.70243","30.01875","28.20556"
"-1","25.1816","23.61042","32.76597","31.50208","28.76701"
"-1","24.68542","23.60174","32.47604","31.53264","26.94826"
"-1","24.24132","24.40208","32.52431","23.17604","23.1566"
"-1","24.05382","23.41944","30.87535","27.22708","24.14618"
"-1","24.57847","23.73681","31.35521","27.65486","25.78229"
"-1","27.16771","26.82917","33.60799","27.86528","26.4"
"-1","27.79618","27.52674","34.49306","27.47882","26.38611"
"-1","25.24236","24.35556","31.22778","28.41632","25.14306"
"-1","25.10069","25.07257","31.26424","24.1566","23.97674"
"-1","24.91215","24.34826","31.80556","24.42813","22.7434"
"-1","24.39236","23.64479","30.68993","24.37153","21.62257"
"-1","24.47604","23.60243","31.5691","27.93681","24.17882"
"-1","26.87604","26.26285","33.65347","26.34236","25.45451"
"-1","26.97847","27.07014","34.2875","23.69375","22.66528"
"-1","24.96007","24.43542","31.60139","26.32153","23.16389"
"-1","24.56111","23.79826","30.48646","28.03889","24.25556"
"-1","24.86458","24.02118","32.00069","28.98264","25.64861"
"-1","24.70174","23.66597","32.00764","29.87569","26.43646"
"-1","24.72882","23.825","32.74514","30.38299","25.92292"
"-1","27.32813","27.09549","35.45868","28.30382","25.98299"
"-1","26.90208","26.98819","35.38785","22.54549","21.47778"
"-1","24.38958","23.86528","31.6625","23.46146","19.41736"
"-1","24.24653","23.73924","30.02743","26.43958","22.23125"
"-1","24.77083","24.32674","32.64583","23.77535","24.16806"
"-1","24.4184","24.03333","32.50035","26.65347","23.5184"
"-1","24.43368","23.73299","33.16493","23.86875","23.15625"
"-1","26.34375","25.4125","38.54444","27.0816","23.58507"
"-1","26.30035","25.83715","39.0625","23.34965","21.42813"
"-1","24.36285","23.57569","33.36493","25.14063","21.65556"
"-1","24.61597","23.67431","29.88576","27.3559","23.51111"
"-1","24.41563","24.01979","30.20903","24.15833","23.73333"
"-1","24.48681","23.9875","30.27118","24.01736","23.38229"
"-1","24.21944","23.72708","31.82569","26.48229","24.42014"
"-1","27.22014","26.47361","39.76563","29.83056","26.36215"
"-1","27.19861","27.07431","40.27118","25.40729","24.47188"
"-1","24.70382","25.03785","38.42604","20.18958","17.29132"
"-1","23.38958","23.36563","31.93438","18.63125","16.07813"
"-1","23.37743","24.00799","30.15208","18.61563","17.67326"
"-1","23.85521","24.45417","31.41736","20.07674","19.62014"
"-1","24.19931","23.53924","29.92604","25.71493","21.46944"
"-1","26.11493","25.31389","30.92535","25.39896","21.64063"
"-1","26.43542","25.98056","31.4","24.54896","21.20278"
"-1","24.90347","24.60035","30.51493","27.54132","23.12083"
"-1","24.55278","24.42847","30.36042","25.53785","21.84861"
"-1","23.63542","23.46875","31.9434","22.89722","17.12778"
"-1","23.30069","23.08194","31.89271","18.89201","13.07917"
"-1","22.73889","22.57188","28.43229","17.87569","12.5434"
"-1","22.60868","22.84479","28.28125","14.34757","13.75451"
"-1","23.54757","23.4809","28.81979","17.46111","15.17361"
"-1","23.01632","23.41563","29.27674","16.33924","16.35347"
"-1","23.70486","23.07778","28.72674","22.67778","18.06458"
"-1","23.76979","23.82847","28.99549","19.27014","18.67222"
"-1","24.06181","23.66146","29.02083","24.09375","20.33854"
"-1","23.60868","23.9559","28.98368","17.90278","17.60486"
"-1","24.79271","24.72326","29.65174","20.30035","17.98368"
"-1","25.63299","25.18403","30.16111","22.43333","19.52986"
"-1","24.55278","24.02986","30.30521","24.07083","21.51493"
"-1","24.42396","24.31076","30.54514","22.19653","21.74826"
"-1","24.09549","23.92882","31.59167","23.02535","19.69792"
"-1","23.84479","23.89583","30.23542","18.40764","18.04479"
"-1","23.05556","23.72743","28.77361","17.2875","15.19306"
"-1","21.40313","21.19861","26.24306","14.55208","9.66181"
"-1","18.39618","19.08646","24.21771","9.6875","7.45208"
"-1","19.9691","20.46597","25.85625","12.8316","12.13681"
"-1","22.58472","22.07118","29.33299","18.97431","15.20069"
"-1","22.83194","22.1191","31.75521","18.97188","15.07778"
"-1","22.11806","21.41354","28.97882","18.16493","14.00104"
"-1","22.85868","22.16424","28.00903","20.79375","16.45104"
"-1","24.70139","24.26944","29.59861","22.86493","18.47674"
"-1","25.8191","25.21111","30.57465","25.20174","19.98194"
"-1","24.8625","24.25417","30.21563","25.08993","20.01944"
"-1","24.09167","24.03229","29.26771","22.44965","18.99236"
"-1","23.49132","24.08299","29.08438","17.53056","17.49167"
"-1","22.95139","23.35694","29.07847","16.53264","17.06667"
"-1","23.13576","23.6059","30.16736","16.6059","16.87535"
"-1","19.08958","20.02847","32.32604","10.30972","11.42917"
"-1","17.23958","18.00764","30.35764","10.71285","11.65069"
"-1","20.37257","21.22153","30.4059","11.92743","11.00313"
"-1","21.93993","22.80451","27.74618","14.05938","12.49896"
"-1","22.25035","22.93854","28.99653","11.17049","10.9375"
"-1","21.71597","22.60347","30.05382","10.24965","11.51667"
"-1","20.48542","21.42743","28.34861","9.72153","10.2309"
"-1","17.94167","18.76771","25.05035","8.65","10.06042"
"-1","19.69477","19.84913","25.58537","11.3191","9.69653"
"-1","21.00104","21.30243","26.69201","11.90035","11.84757"
"-1","21.15278","21.73125","27.18715","10.65451","9.45486"
"-1","21.86701","23.09896","28.73299","6.83889","7.49514"
"-1","21.57813","23.06736","28.90104","5.075","5.57361"
"-1","21.21944","22.18438","27.89097","6.2941","7.06424"
"-1","19.67813","20.2","25.72465","8.74757","8.37361"
"-1","19.22604","19.49479","24.88264","8.65347","7.23507"
"-1","20.91354","21.45938","27.10729","9.17396","9.33056"
"-1","21.74479","22.41493","28.13194","12.05694","10.36736"
"-1","22.55","22.95417","28.57257","14.08958","12.24236"
"-1","21.82951","22.80833","29.41181","11.82813","10.69549"
"-1","22.11007","22.43854","28.86285","9.44514","6.125"
"-1","20.597","20.98167","28.04867","7.145","5.69433"
"-1","20.4434","20.66319","27.66285","11.25382","8.24931"
"-1","22.03056","22.54688","28.32396","16.07188","13.82917"
"-1","22.31042","22.93021","28.77604","12.50833","12.83021"
"-1","21.80104","22.39896","28.30521","12.83507","13.00174"
"-1","21.21319","22.14514","27.83264","7.79375","8.81146"
"-1","20.85521","22.1691","27.6066","5.93403","5.52153"
"-1","20.20035","20.66007","26.61632","10.94618","9.1191"
"-1","19.39132","20.20521","26.26285","12.65938","12.98507"
"-1","21.65521","22.375","27.89271","13.47882","13.425"
"-1","22.8375","23.51528","28.68681","12.2184","10.85139"
"-1","21.28576","22.28125","28.49201","9.65625","10.0625"
"-1","20.48299","21.25243","27.32361","4.72604","4.37049"
"-1","20.85451","22.17639","27.45972","5.2434","4.86424"
"-1","19.49271","20.15556","26.17049","10.42361","9.39306"
"-1","19.36146","20.03576","26.06771","12.16354","9.69653"
"-1","21.07396","21.71806","27.16354","4.45243","2.94306"
"-1","20.58854","21.775","26.72118","0.64097","1.48125"
"-1","21.74375","22.66458","28.43229","6.87188","4.62847"
"-1","20.75417","22.14514","29.75208","5.12431","6.33021"
"-1","21.45278","22.18368","28.83264","10.71389","10.83507"
"-1","19.84688","20.85868","26.09271","11.67014","12.32882"
"-1","19.47847","20.46771","25.78194","11.55972","12.75"
"-1","21.13368","22.03924","27.08785","8.09306","7.09583"
"-1","20.73819","22.04201","27.175","7.64896","5.33125"
"-1","20.77986","22.13368","27.31076","4.38299","3.79826"
"-1","21.23924","22.24583","29.37257","5.40729","5.48958"
"-1","21.07049","22.53264","30.76319","3.59583","4.31875"
"-1","18.72847","19.71493","25.04931","3.65243","4.36736"
"-1","18.34514","19.325","24.65069","7.22431","8.62813"
"-1","20.91424","22.03264","27.26875","6.92847","7.43924"
"-1","20.82257","22.24965","27.26354","2.77431","2.88576"
"-1","21.17882","22.90104","27.27431","0.875","3.03056"
"-1","20.92708","22.19757","26.46979","3.90801","3.37083"
"-1","20.74132","22.50556","28.04618","1.07847","2.91979"
"-1","18.42049","19.48889","30.77049","-0.96597","-0.83576"
"-1","18.71007","19.57917","30.54688","1.71424","1.43889"
"-1","20.92188","21.77222","30.30833","5.40521","3.62813"
"-1","20.60486","21.88472","26.19271","4.62265","5.92257"
"-1","21.03056","22.4309","26.93125","4.54896","6.76319"
"-1","21.63646","23.17917","28.46424","9.87674","11.28299"
"-1","21.06701","22.54167","27.9566","4.96285","4.46701"
"-1","18.69375","19.78542","24.47535","-0.45799","-2.59271"
"-1","18.20903","19.60069","24.06007","-1.21354","0.57535"
"-1","20.74028","22.53854","26.43299","4.35174","5.39826"
"-1","20.50486","21.9809","27.14375","1.50799","0.66944"
"-1","21.14201","22.78785","27.73299","3.05035","4.30382"
"-1","20.83368","22.23403","26.2941","5.89965","6.00868"
"-1","20.6316","21.45243","27.60729","2.09201","-0.99931"
"-1","18.75729","19.46389","30.79097","-0.54167","-1.24306"
"-1","18.13993","19.29583","30.73264","2.18472","3.8309"
"-1","20.54097","21.65625","32.36979","3.00451","4.26944"
"-1","20.31528","21.77986","32.63889","1.41528","3.64583"
"-1","20.57153","21.84514","32.68611","-1.77292","-4.27396"
"-1","20.03854","21.53056","29.90938","-5.61806","-4.53333"
"-1","20.33611","21.92917","28.79097","-0.71806","0.30486"
"-1","19.0184","19.86319","31.53958","3.22917","3.77535"
"-1","18.99375","19.88924","31.44097","4.41979","5.21424"
"-1","20.2","21.37847","32.22708","0.23854","-0.67847"
"-1","20.2309","21.43403","28.30521","-7.45243","-10.71944"
"-1","20.00694","22.11771","26.23924","-2.88993","-1.97049"
"-1","20.19375","22.02882","26.87917","1.28438","2.53194"
"-1","20.25938","21.69792","27.72049","5.18611","5.92778"
"-1","19.03819","19.89583","26.43715","7.88785","5.60139"
"-1","19.1125","19.83611","26.00208","4.37882","0.99375"
"-1","20.33438","21.68889","27.07951","4.14271","3.66215"
"-1","20.73681","22.27049","28.42604","5.05833","5.36979"
"-1","21.59826","22.77014","27.62708","5.06285","4.61424"
"-1","20.80521","22.23194","27.61424","3.50486","4.65208"
"-1","20.20139","22.12813","28.01944","-0.07361","0.91181"
"-1","18.24931","19.82882","24.17431","-6.79618","-8.74861"
"-1","18.72986","20.12118","24.28854","-7.31146","-7.61111"
"-1","20.56493","22.10556","26.63403","0.28069","0.98958"
"-1","20.65972","22.20278","27.98854","4.85417","4.95694"
"-1","20.42153","21.80313","27.57014","-0.04479","-2.92787"
"-1","20.19306","22.18611","27.47778","-3.25556","-1.47986"
"-1","20.52014","22.56215","28.91632","-6.78854","-4.18924"
"-1","18.94236","19.73924","31.10451","-0.75","-3.87292"
"-1","18.47778","19.49931","30.98021","-0.92049","-0.32917"
"-1","20.63368","22.08438","29.60313","4.19549","5.18993"
"-1","20.52743","22.31215","26.88576","1.84722","3.22431"
"-1","20.40729","22.73438","27.21701","0.09063","1.43958"
"-1","20.68681","22.59236","27.22813","0.80868","2.03472"
"-1","21.08264","22.7625","27.42604","3.54028","3.27014"
"-1","18.2125","19.96632","24.80104","0.61458","2.51701"
"-1","18.21771","19.90139","24.45799","0.57257","0.71181"
"-1","20.75486","22.5309","27.24965","-0.65938","0.60938"
"-1","21.2059","22.32396","28.85417","7.80972","6.40313"
"-1","21.01458","22.41701","28.54201","7.61806","7.22708"
"-1","21.01146","22.85694","28.86771","3.30833","2.14514"
"-1","20.87049","22.6941","30.99722","2.9559","4.4191"
"-1","18.2691","19.48715","29.73125","2.54688","3.70486"
"-1","18.65451","19.56424","30.62014","6.36042","4.18507"
"-1","21.60903","22.65521","29.72535","7.93785","5.13368"
"-1","21.36285","22.74722","27.64236","4.40486","1.15"
"-1","21.4625","23.03264","27.7191","2.57292","0.47396"
"-1","21.31736","22.45868","27.70833","6.17743","2.87361"
"-1","20.55278","22.47188","27.48681","0.54931","2.1691"
"-1","18.25729","19.91181","25.46875","-2.60243","-8.1191"
"-1","18.24271","20.10625","25.12778","-2.68681","-2.89792"
"-1","21.10938","22.37396","27.55347","3.32396","0.77465"
"-1","20.46701","22.10451","27.51042","2.09549","3.44375"
"-1","20.62049","22.25972","27.65694","4.27674","5.08021"
"-1","20.60208","22.26042","30.32431","4.11944","5.35347"
"-1","20.60903","22.2375","33.60208","3.7059","4.15972"
"-1","18.05521","19.43576","31.67326","2.48889","2.63611"
"-1","18.71319","19.71701","31.41875","2.24479","-1.07222"
"-1","21.30069","22.1434","33.27535","3.84236","0.32674"
"-1","20.90243","22.77535","29.92674","2.42257","3.43785"
"-1","21.10625","22.69826","27.60694","6.71389","5.95104"
"-1","21.45208","22.73611","28.39549","6.98438","5.17986"
"-1","20.72535","22.40868","27.95451","2.32222","3.36424"
"-1","17.78056","19.38229","25.46806","1.40243","-0.15486"
"-1","17.62569","19.15799","24.96771","1.50139","0.08125"
"-1","20.20035","21.62083","27.53715","4.80729","3.77431"
"-1","20.80556","22.25694","27.01597","3.75521","3.00035"
"-1","20.77674","22.27222","27.24444","1.31007","2.29444"
"-1","21.09931","22.58507","27.58785","4.33819","4.74792"
"-1","21.26389","22.69063","27.27465","5.46875","6.29201"
"-1","18.07639","19.96875","24.40556","4.65139","5.31285"
"-1","17.83368","19.38715","23.7059","1.26458","-2.86285"
"-1","20.67128","21.94844","26.47612","-1.72803","-5.67847"
"-1","20.98368","22.51181","27.57014","0.99618","1.84896"
"-1","21.94375","22.77778","28.99896","13.26285","11.16285"
"-1","21.32569","22.62778","29.39271","11.54271","10.0059"
"-1","20.56285","21.93368","29.6375","2.27708","0.82431"
"-1","17.63877","18.84239","29.60145","0.47645","-0.35971"
"-1","19.4816","19.76354","30.18472","13.21701","9.79688"
"-1","20.87813","21.80347","29.7059","11.11007","10.49549"
"-1","22.60874","23.08916","29.9035","15.9216","13.69201"
"-1","23.34167","23.5191","34.45799","16.54181","11.4316"
"-1","22.88715","23.08438","34.1684","15.18125","12.29549"
"-1","23.9066","24.07813","33.71597","18.3309","14.42326"
"-1","22.83715","23.48438","27.69896","11.04306","11.77222"
"-1","22.08576","22.57882","26.56493","16.24757","13.81493"
"-1","24.01493","24.18264","28.36354","20.875","17.11736"
"-1","25.04965","25.05764","29.91424","20.73958","17.02951"
"-1","25.58056","25.23056","31.30764","22.66806","18.19618"
"-1","26.1125","26.03403","31.44201","25.35575","19.3184"
"-1","24.74028","25.02569","30.40208","17.66076","16.48056"
"-1","21.66354","22.26632","27.88854","11.93194","12.12917"
"-1","21.66042","21.74306","27.01215","16.41354","12.86215"
"-1","21.22083","21.7066","26.675","12.6375","2.26944"
"-1","21.27674","22.19097","27.84653","6.96354","3.45556"
"-1","21.19063","21.98819","30.63194","15.91597","11.13993"
"-1","20.72639","22.17917","31.87778","8.14306","4.76007"
"-1","20.37847","21.92847","29.51181","5.18403","3.83056"
"-1","19.94167","20.62222","27.34965","7.42396","6.36632"
"-1","18.77708","19.98472","26.85208","6.41354","7.20208"
"-1","21.41007","21.82396","27.95833","14.03125","7.65243"
"-1","21.52604","22.29444","30.19861","11.36563","9.5816"
"-1","22.14132","22.37326","30.91354","15.02222","9.29826"
"-1","21.93958","22.2934","30.20174","10.16528","5.94983"
"-1","21.34236","21.64201","34.17569","12.81667","7.17326"
"-1","21.55938","21.77361","34.16875","15.67639","9.86979"
"-1","20.84479","21.38542","34.08194","14.09236","10.11458"
"-1","21.05938","21.52708","33.82778","12.9559","8.46146"
"-1","20.22465","21.55417","30.26146","9.23194","7.07708"
"-1","21.14583","22.15799","27.13299","11.59757","7.46042"
"-1","21.82688","22.87921","29.45054","14.60799","8.86794"
"-1","22.45382","22.74236","32.19132","16.24583","10.64896"
"-1","21.33333","21.82986","34.48715","13.89618","13.03299"
"-1","20.96007","21.4434","34.08681","16.87465","16.26979"
"-1","22.92535","22.88924","32.58229","20.16319","19.36632"
"-1","23.22708","23.56389","30.52014","14.37361","9.89653"
"-1","22.19063","22.65208","28.10382","11.04479","7.84271"
"-1","22.22986","22.3125","28.14514","18.8191","14.04479"
"-1","23.30972","23.81111","29.87361","19.28958","15"
"-1","20.28889","21.29861","28.07535","12.21597","7.13819"
"-1","19.25868","19.80417","26.32986","10.1625","8.59479"
"-1","19.83854","20.68715","27.52083","10.93576","5.37813"
"-1","20.78299","21.97917","28.96354","8.72431","5.62674"
"-1","21.80729","22.34792","28.25278","14.81701","9.75625"
"-1","21.49306","22.52222","28.56111","12.38299","9.6691"
"-1","20.92639","21.64861","28.46632","10.05451","6.05799"
"-1","20.00278","20.51944","32.51111","11.75764","7.84444"
"-1","20.35451","20.58299","32.44063","14.57639","9.14132"
"-1","20.76493","21.5309","29.21701","8.16111","8.4559"
"-1","21.3059","22.17396","26.45347","13.44375","11.90521"
"-1","21.67813","21.97951","28.28715","15.55799","13.93681"
"-1","22.64444","22.61458","30.03576","18.47465","17.45451"
"-1","24.96319","25.30139","30.14792","24.73125","19.10486"
"-1","24.77292","25.20382","29.32257","18.6375","15.30556"
"-1","24.3625","24.81319","28.80799","19.39896","15.94688"
"-1","23.09132","23.34028","29.48924","17.40833","16.51146"
"-1","23.10486","23.41632","30.33368","18.75938","16.3059"
"-1","22.52813","22.98229","28.77431","19.98576","14.63299"
"-1","23.14479","23.54583","29.03333","17.47813","12.99549"
"-1","23.13728","22.99861","30.02718","21.21701","16.52743"
"-1","24.76389","24.91389","31.5375","23.94306","20.35"
"-1","25.58542","25.62188","32.15486","21.4309","18.87361"
"-1","24.59028","23.91215","31.59792","23.69236","19.42743"
"-1","24.52396","24.23056","30.58507","25.00556","21.16076"
"-1","24.02188","24.19444","31.40799","20.35729","16.59167"
"-1","22.49444","22.26701","30.63194","19.34028","14.58403"
"-1","23.1875","22.98576","29.39201","20.78021","17.99583"
"-1","25.47951","25.40174","31.06319","24.88229","21.40278"
"-1","27.61076","27.45278","33.01007","27.82986","24.40486"
"-1","27.60521","27.56458","33.20313","27.28958","23.74931"
"-1","24.72639","24.43125","30.8184","26.02361","20.47188"
"-1","24.56979","23.99896","29.52604","24.2566","23.00174"
"-1","25.0625","24.56389","31.48924","26.86667","24.57257"
"-1","13.43854","13.34479","16.83125","28.81354","26.51458"
"-1","0","0","0","27.84861","23.99132"
"-1","0","0","0","23.52813","22.18993"
"-1","0","0","0","28.34063","26.21146"
"-1","13.72778","13.44201","16.27431","28.5441","27.35521"
"-1","24.85382","25.31493","30.81632","27.82361","20.97847"
"-1","24.68333","24.96007","28.97083","22.81458","17.31597"
"-1","23.43854","24.04618","28.21528","14.13715","14.69271"
"-1","21.83681","22.31736","26.39375","15.75729","15.9809"
"-1","21.45174","21.72535","25.70451","17.20208","16.77014"
"-1","21.74063","21.96979","26.85903","16.72222","15.38125"
"-1","23.01736","23.03299","27.03438","20.24306","18.36285"
"-1","23.18472","23.22257","29.5941","23.75938","20.46389"
"-1","23.8691","23.75521","31.42153","25.59201","21.09931"
"-1","24.45148","24.19916","30.30886","27.47077","23.70528"
"-1","26.10417","26.41354","30.48056","25.35556","24.10556"
"-1","26.84757","26.56667","30.75972","30.18472","26.26667"
"-1","25.43229","25.46667","30.6191","28.96806","26.12639"
"-1","24.38194","24.08368","31.60903","26.86493","24.31597"
"-1","23.36111","22.97396","30.83681","23.92014","17.80868"
"-1","23.75764","23.36944","30.5184","22.68194","20.40174"
"-1","23.78676","23.04669","30.61707","26.25729","23.47813"
"-1","26.29896","26.02049","32.8125","27.65243","25.54653"
"-1","26.49792","26.55938","33.33403","26.14896","25.13438"
"-1","25.26493","25.06076","32.49931","29.24236","26.43785"
"-1","25.90451","25.76181","32.13611","33.17535","29.07604"
"-1","25.67118","25.17882","31.17535","35.78993","31.31354"
"-1","25.45625","25.11736","31.82882","32.88368","28.73438"
"-1","25.29583","24.93715","32.47257","30.96424","24.42882"
"-1","7.66563","7.81215","39.475","6.12535","23.50313"
"-1","0","0","0","0","23.02917"
"-1","0","0","0","0","19.10069"
"-1","0","0","0","0","21.60104"
"-1","0","0","0","0","22.50734"
"-1","0","0","0","0","27.35451"
"-1","0","0","0","0","28.54479"
"-1","0","0","0","0","28.22222"
"-1","0","0","0","0","26.47049"
"-1","0","0","0","0","26.78507"
"-1","7.49713","7.38678","30.15283","8.63636","26.62118"
"-1","23.96667","23.79302","31.74762","33.74583","29.47118"
"-1","0","0","0","31.14583","27.81568"
"-1","0","0","0","35.37188","30.58472"
"-1","0","0","0","30.30208","27.20625"
"-1","0","0","0","30.68854","25.05764"
"-1","0","0","0","28.29896","23.72951"
"-1","0","0","0","31.03646","24.73229"
"-1","0","0","0","29.40521","25.41701"
"-1","0","0","0","31.95104","27.46042"
"-1","0","0","0","32.11563","28.51597"
"-1","0","0","0","31.96979","29.47014"
"-1","0","0","0","29.22188","28.28993"
"-1","0","0","0","33.99896","28.69097"
"-1","0","0","0","35.58542","31.17986"
"-1","0","0","0","33.30208","26.87361"
"-1","25.03423","25.60811","31.23604","25.08854","23.68403"
"-1","24.98785","24.45347","31.80972","26.15417","24.11944"
"-1","26.32083","25.65174","39.60764","27.82813","25.17188"
"-1","27.16771","26.42257","40.99722","30.2625","27.52535"
"-1","26.36215","25.88819","36.47292","33.23646","29.2816"
"-1","25.69931","25.20938","33.64931","32.15729","26.07049"
"-1","24.58611","24.64757","31.82813","30.02917","24.78681"
"-1","24.66771","24.99271","33.21701","25.66667","24.09826"
"-1","24.48438","24.64757","31.93368","27.41042","24.45799"
"-1","26.86285","26.74722","31.63056","27.72188","25.39826"
"-1","27.51007","27.37569","32.17326","28.70729","25.74896"
"-1","25.2625","24.89271","30.47014","30.60625","26.75313"
"-1","14.57083","14.725","18.13889","16.13021","25.93785"
"-1","0","0","0","0","25.32639"
"-1","0","0","0","0","26.24861"
"-1","0","0","0","0","28.60174"
"-1","0","0","0","0","29.45556"
"-1","0","0","0","0","27.36458"
"-1","0","0","0","0","23.59722"
"-1","0","0","0","0","26.22674"
"-1","0","0","0","0","27.28403"
"-1","9.65313","9.59479","12.88681","9.66563","21.67778"
"-1","23.96493","24.22917","31.87986","21.65625","21.43368"
"-1","25.1","25.53993","32.67118","21.68438","21.78681"
"-1","25.88542","26.08021","32.90764","23.62604","22.05382"
"-1","24.63403","24.4441","32.19861","27.59063","23.5184"
"-1","24.2441","24.47049","31.96354","22.57917","21.69583"
"-1","24.12917","24.09757","32.82292","25.47083","22.95903"
"-1","24.10104","24.21667","33.10764","27.64896","24.24653"
"-1","24.58403","24.48958","31.81979","26.96771","23.08264"
"-1","25.72431","25.25799","38.64965","25.29479","20.52361"
"-1","26.49097","26.05174","39.58681","25.94688","21.82847"
"-1","24.96007","24.47431","36.26597","25.75104","20.68646"
"-1","24.34792","24.1441","29.34896","26.42083","21.75208"
"-1","24.46632","24.38125","29.92083","27.7875","23.55347"
"-1","24.81979","24.3934","30.71354","29.78021","25.37118"
"-1","24.83299","24.46493","30.26944","29.61146","25.98299"
"-1","27.15139","26.53507","31.91493","29.78021","26.82222"
"-1","27.86563","27.53438","32.74826","28.86979","26.47361"
"-1","25.53681","25.80208","31.93576","25.33854","25.2125"
"-1","24.96181","24.6066","29.84201","27.43438","22.3309"
"-1","24.21979","23.98681","29.26701","26.22292","20.93958"
"-1","24.34583","24.05694","29.38785","27.22083","23.73507"
"-1","24.90938","24.76736","30.15208","28.63854","26.17083"
"-1","26.76632","26.46354","31.53646","28.63542","24.62014"
"-1","27.14549","26.79688","31.7184","28.56667","23.46424"
"-1","25.02778","24.48924","30.02361","28.60208","24.43819"
"-1","24.50347","25.04201","30.36736","24.45729","23.1934"
"-1","24.2125","24.12049","30.77535","26.45","23.76111"
"-1","24.72361","24.16597","30.9316","29.95","24.97917"
"-1","24.32847","24.09444","31.69479","26.225","24.09792"
"-1","25.41458","25.5934","32.41771","21.3625","20.39444"
"-1","25.24722","25.35313","31.79444","21.72708","17.79688"
"-1","24.18542","24.03229","30.89653","23.08646","17.60903"
"-1","23.87639","23.62188","29.75868","23.56875","19.74375"
"-1","24.19549","23.98681","29.23924","26.07917","22.69132"
"-1","24.28711","23.99094","30.34251","27.32917","23.81007"
"-1","23.93438","24.37535","30.67431","20.87396","18.5125"
"-1","24.1059","24.24653","30.49618","20.92292","16.93056"
"-1","24.57118","24.74861","30.01458","20.79063","17.24306"
"-1","23.70139","23.67708","28.64583","24.23021","20.65854"
"-1","23.34618","24.14306","29.03403","17.93125","17.34896"
"-1","23.18507","23.74097","27.5066","17.10938","14.25278"
"-1","22.51181","23.28368","27.23854","17.35","16.47604"
"-1","22.43507","22.60868","27.1191","19.36563","18.19896"
"-1","22.94028","23.19896","28.03264","17.34479","15.59965"
"-1","21.63643","22.12857","26.56643","15.2766","12.25071"
"-1","21.59549","22.44965","26.22396","16.50833","12.5309"
"-1","23.63958","24.17604","27.8684","21.20104","17.43299"
"-1","23.71458","24.73403","28.61007","18.45521","16.45208"
"-1","23.43438","23.6066","27.48785","18.91667","13.88333"
"-1","23.74097","24.12118","28.28889","19.725","14.03542"
"-1","23.49688","24.16424","29.04688","18.02917","14.18403"
"-1","23.59167","24.15729","28.78576","19.23646","14.06493"
"-1","23.80972","24.38542","29.03056","21.16563","16.18715"
"-1","23.63785","23.74514","28.71806","19.12604","17.02951"
"-1","24.33438","24.71944","29.77639","18.70104","17.92222"
"-1","24.60313","24.80694","30.3434","21.20521","19.43819"
"-1","24.09722","24.71076","29.32326","19.56458","17.95069"
"-1","21.27222","22.14583","27.21458","13.73958","12.04653"
"-1","18.46007","19.44583","24.60035","8.82396","8.83542"
"-1","18.68264","18.99201","23.87465","11.79271","9.50313"
"-1","21.25764","21.92083","26.15035","12.14479","11.5441"
"-1","21.30868","22.35868","27.30694","11.44792","10.44097"
"-1","20.99688","22.35347","27.37222","10.48854","9.44063"
"-1","22.43993","22.89722","27.87465","13.19167","7.9375"
"-1","19.31563","20.36146","26.03785","7.92708","7.01563"
"-1","20.05799","20.76563","26.36042","15.87188","15.47188"
"-1","20.87917","21.52188","27.00625","13.69583","12.76354"
"-1","22.04583","22.35104","27.67188","14.72083","9.76215"
"-1","22.31076","22.91389","28.70938","12.40521","11.94097"
"-1","22.51597","23.29444","28.03229","14.75417","13.32813"
"-1","22.95278","23.3316","27.96667","14.65729","12.91597"
"-1","20.88889","21.83854","27.06667","12.91979","12.11458"
"-1","20.60868","20.91701","25.87118","15.47188","12.23438"
"-1","22.36632","22.25486","27.17083","19.03854","13.42708"
"-1","22.14236","23.04583","28.20069","12.16875","11.91563"
"-1","21.89618","22.88472","27.70729","12.29792","11.87778"
"-1","23.01528","23.12778","27.93507","17.02188","15.34618"
"-1","21.69792","22.66042","27.61458","14.79271","12.47292"
"-1","18.80729","20.20174","25.60729","11.02188","7.83368"
"-1","17.04063","18.51944","23.87431","9.70521","5.52986"
"-1","19.88229","21.47535","25.85868","9.82708","4.10208"
"-1","20.52847","21.84201","28.33854","10.94896","8.34028"
"-1","21.57535","22.73299","30.32708","10.10938","9.12049"
"-1","21.31701","23.15938","28.85313","8.65521","7.24688"
"-1","21.25486","22.63542","27.89792","7.46146","4.86146"
"-1","19.12676","19.77625","31.25886","7.649","4.07023"
"-1","17.81076","18.7875","30.18125","4.35521","3.00764"
"-1","20.45972","21.96007","28.46319","3.54583","2.63681"
"-1","20.93542","22.72222","27.07257","1.34479","2.41319"
"-1","21.30347","22.59306","27.08333","4.85208","4.22674"
"-1","21.49097","22.50069","26.36285","7.87188","3.84549"
"-1","20.68368","21.89826","26.59722","8.38438","8.41875"
"-1","19.12396","20.28021","25.67604","8.05313","8.69444"
"-1","20.03299","20.725","26.08785","14.45938","12.72118"
"-1","21.3809","22.23229","27.06146","13.41771","13.13125"
"-1","20.7816","22.20069","26.68924","5.69896","5.29236"
"-1","21.38194","22.73507","28.13681","6.40313","6.0191"
"-1","21.35556","22.87465","28.05174","5.56563","5.59063"
"-1","22.43611","23.46076","27.74514","10.26354","6.52743"
"-1","20.38229","21.27708","25.79167","8.84375","6.77917"
"-1","20.11076","20.77292","25.26319","7.43438","6.57083"
"-1","21.63368","22.58472","27.09757","8.25729","7.28958"
"-1","21.95139","23.04826","28.33403","9.72188","8.07604"
"-1","22.32153","23.33264","28.63507","8.48542","7.71389"
"-1","22.6191","23.3625","27.94514","12.9125","9.92951"
"-1","21.24965","22.5316","26.75035","10.56667","9.35833"
"-1","18.73403","19.70938","24.01875","5.92083","1.47361"
"-1","17.31979","18.60799","22.81424","2.58229","2.76285"
"-1","20.77257","22.62257","26.03889","2.92083","3.26424"
"-1","20.77708","22.16424","26.82882","4.65938","3.33646"
"-1","20.83264","22.53264","26.63715","2.42708","3.60139"
"-1","21.13299","22.85486","26.89201","5.50833","4.60243"
"-1","20.64722","22.39826","26.47674","-1.90729","-0.92361"
"-1","17.83299","19.58507","24.11701","-0.37083","1.18542"
"-1","18.50451","20.01076","24.63438","8.79167","9.63194"
"-1","21.56877","22.75874","27.32602","8.38222","9.03866"
"-1","22.07674","23.19063","28.83611","11.86771","12.03576"
"-1","20.90799","22.51458","27.99549","5.24583","2.8125"
"-1","21.11007","22.89965","28.07292","0.47292","1.71215"
"-1","20.85278","22.33611","27.54931","5.77708","6.48472"
"-1","17.11319","18.41285","24.95104","6.8875","5.35069"
"-1","15.95714","17.07143","24.15714","1.14063","0.94722"
"-1","19.9733","21.39034","27.27216","4.50729","4.90833"
"-1","20.86563","23.09688","28.62639","0.59271","0.80243"
"-1","21.09861","22.80243","28.36042","2.77813","3.45174"
"-1","21.5","22.78611","28.83299","6.21667","4.5809"
"-1","20.55833","21.65069","27.69688","7.1375","5.01736"
"-1","19.33472","21.27604","26.95972","1.03854","2.34167"
"-1","19.51528","21.47813","27.30035","5.32813","6.56042"
"-1","21.10938","22.52396","28.43889","8.525","9.20868"
"-1","20.88611","22.31632","27.80278","8.23438","6.59549"
"-1","20.77778","22.41667","27.58611","6.61667","5.31389"
"-1","20.08854","21.64722","26.94444","1.82813","3.25556"
"-1","20.50451","22.08194","26.97188","4.84896","4.59028"
"-1","19.8","21.32465","25.29965","3.5375","0.19063"
"-1","19.12188","20.99896","25.06181","1.47292","2.18472"
"-1","19.51493","20.71181","25.24132","2.58125","2.40972"
"-1","19.25243","20.23299","24.86354","1.89896","1.85521"
"-1","19.03264","19.91944","24.61076","-1.63333","-1.90799"
"-1","19.91771","21.37326","25.49826","-0.075","-3.14028"
"-1","20.88229","22.62014","28.6684","-2.30417","-0.95139"
"-1","19.32014","21.12118","31.60556","-1.90521","-1.35"
"-1","19.26771","20.92813","25.26771","0.60729","-0.97396"
"-1","19.95833","21.69375","25.77813","0.40625","1.74167"
"-1","20.66389","21.84028","25.98854","0.02188","-2.08403"
"-1","20.8","22.55694","26.41424","-0.73438","-1.55833"
"-1","19.42222","20.96146","25.56181","-2.09792","-0.42257"
"-1","18.69826","19.80972","24.33333","0.23125","1.48333"
"-1","17.84688","19.31285","23.83785","2.425","3.58924"
"-1","17.66632","19.22188","23.85243","2.82708","3.85278"
"-1","19.68958","20.89514","25.79028","1.16667","0.05754"
"-1","19.97361","20.88993","26.69896","4.85417","3.28646"
"-1","20.49583","21.38889","28.79653","4.58229","4.53819"
"-1","22.06701","23.09896","29.74861","9.89479","5.41007"
"-1","21.32188","22.81806","28.06771","6.04896","6.74896"
"-1","21.06042","22.31319","27.70069","12.09167","10.88229"
"-1","20.55313","21.73576","27.17708","10.88229","10.52153"
"-1","21.18229","23.2125","28.03299","2.00625","2.60764"
"-1","21.30972","23.03472","28.5184","4.05521","1.52257"
"-1","21.34861","22.65104","29.36944","5.10521","2.83066"
"-1","21.56458","23.78229","29.30486","-1.64688","-3.73438"
"-1","20.47257","22.89583","26.43854","-2.9125","-3.05729"
"-1","18.49444","20.64063","24.51563","5.97917","6.03264"
"-1","18.73194","20.42813","24.59861","-0.61042","-0.84722"
"-1","20.26319","22.87153","26.29653","-6.33958","-4.21771"
"-1","20.57049","23.54479","27.74931","-11.89792","-9.95556"
"-1","21.25382","23.96736","29.49722","-12.91042","-10.5"
"-1","21.02986","23.08229","29.64688","-7.17813","-10.0434"
"-1","20.94826","23.52882","27.66597","-8.92708","-6.60486"
"-1","19.25938","21.21632","26.26701","-3.48333","-3.30972"
"-1","19.84167","21.35208","26.59063","-2.05521","-2.33889"
"-1","20.2875","22.0191","27.26076","1.30938","2.98611"
"-1","21.24757","23.12361","27.72014","3.00729","4.81354"
"-1","21.5316","22.92847","27.57326","10.9625","11.36224"
"-1","20.37708","22.22326","27.22257","-0.04063","0.58211"
"-1","20.81181","22.80833","27.36736","-3.80521","-4.99271"
"-1","18.53889","20.7816","24.82847","-6.35833","-3.99167"
"-1","19.37014","21.05035","25.28958","-4.37083","-4.63542"
"-1","20.41181","22.64688","26.27465","-5.9375","-4.59063"
"-1","20.6184","22.93021","26.37778","-3.56875","-2.84826"
"-1","21.16389","22.74722","27.02951","1.625","-2.84271"
"-1","21.34063","24.01285","27.78681","-4.6125","-3.62049"
"-1","19.13958","21.17292","25.80174","-4.15313","-6.7684"
"-1","19.76042","20.93611","25.48264","-1.59375","-5.90278"
"-1","20.19896","21.29757","26.00486","-0.82813","-2.54549"
"-1","21.03403","22.68368","27.03021","3.91042","4.47257"
"-1","21.35486","23.50972","27.22222","2.69479","2.47431"
"-1","21.81771","23.54757","28.2441","2.99583","1.95382"
"-1","21.26597","23.42917","30.17882","1.59167","2.91424"
"-1","21.07396","22.95729","27.50139","-0.16875","1.47569"
"-1","18.19375","20.12882","25.29618","-2.71667","-2.5625"
"-1","18.3691","19.85139","24.96667","-5.35208","-9.2691"
"-1","20.59132","22.58021","26.70278","-2.90521","-4.16007"
"-1","21.0059","23.33333","27.46875","1.80625","2.70833"
"-1","20.68125","23.08993","27.35694","-3.78958","-3.36701"
"-1","21.00035","22.89965","27.57604","-1.18229","-5.88438"
"-1","20.84201","23.175","28.30417","-2.42813","-1.13507"
"-1","19.11215","20.44097","32.60556","2.03646","3.71215"
"-1","18.69306","19.85625","32.02083","2.22396","2.6566"
"-1","21.15764","22.75625","31.48646","3.11354","3.72431"
"-1","21.32361","22.98785","27.48438","3.80938","3.46493"
"-1","21.52604","23.59375","27.36875","1.37188","2.96632"
"-1","21.22118","23.01493","28.09653","4.57083","3.47604"
"-1","21.42917","22.75764","28.05625","4.46563","-1.375"
"-1","18.38576","20.05556","25.69132","-0.24896","-3.19167"
"-1","17.91111","19.43924","25.18021","-0.49063","-3.05278"
"-1","20.80938","22.74792","27.99063","0.37813","-2.13125"
"-1","21.36597","22.43125","28.87604","1.75625","-0.62153"
"-1","21.34167","23.01181","29.34063","3.14792","3.18368"
"-1","21.66319","23.00278","29.47049","4.43125","4.71424"
"-1","22.35938","23.39063","29.78715","7.41667","5.02326"
"-1","20.82428","21.58406","28.41051","7.93043","4.75471"
"-1","20.42118","21.25139","28.21771","10.70208","9.05799"
"-1","21.74028","23.26701","29.00521","8.54167","9.5441"
"-1","21.48125","23.21111","28.50556","5.01771","6.62604"
"-1","20.90278","22.70799","27.625","1.80417","2.39201"
"-1","20.95451","22.44271","27.47951","1.89792","-1.84132"
"-1","21.30035","22.83472","27.94549","2.84479","2.40764"
"-1","19.01806","20.56632","26.26667","-1.24583","-0.64097"
"-1","19.13229","20.26979","25.90243","1.00104","-1.7191"
"-1","20.72188","22.50035","27.12917","-2.01875","-0.93403"
"-1","20.90417","22.85903","27.57882","0.68958","2.43785"
"-1","20.69618","22.4941","27.89236","0.05625","0.44375"
"-1","20.54271","22.52361","27.56736","-0.95938","-0.4625"
"-1","20.37153","21.88403","27.16736","2.95938","1.22083"
"-1","21.06806","22.63924","27.3691","6.08646","2.88333"
"-1","20.99618","22.625","27.34375","5.64792","2.62153"
"-1","21.62292","23.24896","28.90764","8.04271","4.53299"
"-1","22.83403","24.15347","29.65938","10.11563","6.59618"
"-1","21.01215","22.46493","29.22396","8.19167","5.28299"
"-1","21.14514","22.24097","28.73646","7.24271","6.03299"
"-1","21.62743","22.01493","29.25729","11.90729","7.90208"
"-1","22.45972","23.19167","29.69549","12.95938","8.38993"
"-1","21.57639","23.06146","29.61979","9.53021","9.7441"
"-1","20.67882","22.04375","28.83993","5.56146","2.53368"
"-1","20.22813","21.65174","28.34757","1.73333","0.14375"
"-1","21.08056","22.23715","28.66215","4.80938","0.65192"
"-1","21.20104","22","28.64722","8.42083","6.15035"
"-1","21.48264","22.35868","28.33021","7.99792","5.06319"
"-1","20.88646","22.51146","26.81736","5.73438","4.18924"
"-1","20.9625","22.53715","27.02361","10.10938","9.01424"
"-1","21.54722","22.73889","28.6434","9.61875","8.30486"
"-1","22.24236","23.23611","29.91493","14.10521","10.63403"
"-1","21.6125","22.74722","28.87604","8.34896","6.95903"
"-1","20.84931","22.21389","28.5941","2.46979","2.96111"
"-1","20.58611","22.07083","27.95972","2.93125","4.26042"
"-1","20.97569","22.91215","28.37778","5.94271","7.25139"
"-1","20.81389","22.42396","28.03993","8.00938","6.81597"
"-1","21.80521","22.79028","28.49167","12.7","10.34514"
"-1","22.91563","23.52049","29.89167","14.58854","13.63993"
"-1","22.92083","23.42257","29.23299","12.97083","9.80903"
"-1","22.54028","22.97396","28.65556","14.31146","13.89792"
"-1","22.7691","23.30903","29.80174","15.13646","14.71701"
"-1","21.19028","22.97153","27.8816","5.10313","4.31944"
"-1","21.49722","22.33576","27.40521","7.18854","4.63958"
"-1","22.62257","23.0941","28.76215","11.04167","8.62604"
"-1","22.97326","23.24028","30.38819","13.09271","11.16597"
"-1","21.30104","22.16493","29.90208","10.73229","9.28785"
"-1","20.32604","21.39028","28.7559","9.36979","7.40903"
"-1","21.21986","21.65749","29.19164","14.35417","10.18368"
"-1","21.63021","21.75521","29.98264","16.04792","14.00521"
"-1","21.35313","21.70313","29.97431","16.09688","14.58785"
"-1","22.27596","22.9784","29.84774","13.54688","13.79306"
"-1","23.58611","24.12083","30.50278","18.06146","16.89722"
"-1","24.13819","24.0309","30.62431","21.83125","19.23194"
"-1","24.68542","24.65556","29.11146","22.41979","19.77917"
"-1","24.83889","24.98681","29.31319","20.52903","19.89132"
"-1","25.85243","26.05417","30.36146","21.12188","19.53819"
"-1","26.40521","26.57431","30.69688","22.91563","20.0625"
"-1","24.45938","23.96736","30.16493","22.50435","20.30417"
"-1","23.91528","23.34618","30.89965","22.36145","20.61771"
"-1","24.2684","24.10521","31.46736","21.97312","20.70694"
"-1","25.13229","25.29236","32.2309","21.84368","21.28194"
"-1","23.67604","24.31493","30.74375","15.07872","15.39444"
"-1","22.09688","22.68576","27.73576","14.55","13.44132"
"-1","18.97708","19.92431","25.01146","8.55208","7.54028"
"-1","20.45625","21.10972","25.87743","8.79322","7.96042"
"-1","21.97813","22.71007","28.25833","11.34583","11.13993"
"-1","23.51528","23.6934","28.81424","17.59583","16.54514"
"-1","24.24321","23.823","29.17875","21.44271","18.13021"
"-1","23.54757","23.57813","27.5625","18.15699","15.8691"
"-1","25.67882","25.66111","29.31111","18.50729","17.82535"
"-1","26.94931","26.83958","30.44757","21.01667","20.14444"
"-1","28.92049","28.64861","32.05799","24.75","23.13368"
"-1","25.73576","25.57257","31.22535","22.73646","22.15729"
"-1","24.49792","24.39514","30.00521","21.2625","21.74097"
"-1","23.45451","23.50833","29.70556","21.15625","17.23299"
"-1","21.96632","22.24722","27.52083","13.325","8.78785"
"-1","22.51563","23.01354","27.64063","14.09271","11.26285"
"-1","22.94688","23.21701","27.9184","16.72917","13.7559"
"-1","23.15278","22.9184","27.85104","20.19271","17.17257"
"-1","23.00069","23.37465","28.2434","14.78958","15.32882"
"-1","24.66215","24.73194","29.56597","20.82083","21.86875"
"-1","24.98021","24.63507","30.46632","27.35104","26.14132"
"-1","24.8559","24.43681","30.25729","28.12292","26.6316"
"-1","23.9684","23.09514","29.1941","24.7875","24.29444"
"-1","23.39965","22.49549","28.42778","21.98958","21.02049"
"-1","22.46528","22.18368","27.84306","19.12292","14.83646"
"-1","23.75729","23.80799","29.03472","20.19583","16.36667"
"-1","23.83333","24.12465","29.74792","18.4875","17.60035"
"-1","22.9816","23.64514","27.97465","15.30313","15.02014"
"-1","22.45","22.96007","28.37431","16.00938","15.32326"
"-1","22.54514","22.87986","28.23056","18.50833","17.91007"
"-1","24.38056","24.27153","29.20069","22.87083","20.43681"
"-1","24.45694","24.68125","30.22778","17.42813","18.2191"
"-1","25.45104","25.32951","30.82118","20.45833","20.15069"
"-1","25.29271","25.2125","30.70139","23.30625","21.3316"
"-1","24.69861","24.85868","30.50833","20.62292","19.80903"
"-1","25.19479","25.32292","29.92951","22.06042","19.67326"
"-1","25.8316","26.12431","29.51528","24.07604","21.08472"
"-1","26.50451","26.67813","30.14931","22.95729","23.42743"
"-1","24.61181","24.27917","28.88333","24.11875","22.33194"
"-1","24.91771","24.91111","29.03542","21.64271","19.2625"
"-1","24.11979","23.9691","28.48924","21.66875","18.70104"
"-1","24.84132","24.73021","28.65903","23.21146","21.22639"
"-1","24.43576","24.09861","28.6434","25.27604","23.88785"
"-1","23.8691","23.20243","28.15208","23.55","23.99028"
"-1","24.55556","23.0816","28.14375","28.83229","27.44097"
"-1","25.96146","25.23924","29.76667","31.01979","29.49514"
"-1","25.83611","25.52292","30.40729","27.41146","27.13576"
"-1","25.38229","24.97361","29.8441","30.22708","27.47778"
"-1","25.5375","25.65417","30.07257","25.18229","25.0691"
"-1","24.99931","25.33646","29.5375","22.16563","21.91528"
"-1","23.59201","22.72396","28.45451","23.025","22.1875"
"-1","23.58403","22.30243","27.98542","25.63125","22.80521"
"-1","23.5125","23.08542","28.45833","23.08958","21.91389"
"-1","24.71181","24.20729","29.09965","23.30417","22.92569"
"-1","24.91389","24.38333","29.47847","24.56563","24.95417"
"-1","25.50556","25.04931","30.05521","25.74896","26.88854"
"-1","25.61979","25.55972","30.17153","24.40521","25.58576"
"-1","24.77014","23.50382","28.42917","28.44063","26.87708"
"-1","24.40451","23.36007","28.33021","25.31875","25.21285"
"-1","23.82951","23.36111","29.00625","26.09688","24.49063"
"-1","23.90313","23.52778","30.55625","23.24688","23.82986"
"-1","24.19132","23.69826","30.61285","27.64271","25.81394"
"-1","24.42778","23.87326","29.73507","26.01979","22.14444"
"-1","24.46215","23.83472","29.70451","25.87917","23.61111"
"-1","24.34757","23.0941","29.57639","27.41042","25.57431"
"-1","24.74792","23.11806","29.70625","30.68438","28.12639"
"-1","24.78571","23.48084","30.02056","32.84896","29.8439"
"-1","24.94965","24.03715","32.00903","34.22708","30.28958"
"-1","24.97813","23.68438","31.29861","35.14375","32.01319"
"-1","25.85938","25.10764","30.36875","34.22396","31.40174"
"-1","25.73868","24.93136","30.9669","32.04896","30.22439"
"-1","24.88333","23.36493","30.14479","29.65208","26.1559"
"-1","24.16111","22.89063","29.49479","25.93229","23.57569"
"-1","24.97326","24.82361","30.20868","24.33333","23.82361"
"-1","24.42361","24.50729","30.29965","26.95833","23.75521"
"-1","23.48958","23.31076","29.11215","24.16667","19.28021"
"-1","24.40313","24.00833","29.37639","23.81979","21.56181"
"-1","24.63681","24.16563","29.71354","24.75625","22.87604"
"-1","23.64583","23.39271","29.3691","21.89063","22.34931"
"-1","23.17431","22.90104","28.88542","23.36354","20.88299"
"-1","22.89028","22.94931","28.51493","21.17396","19.97188"
"-1","23.5875","23.44618","29.60833","25.1","21.28611"
"-1","23.30243","23.0934","29.66285","23.83958","21.73264"
"-1","24.53715","24.01563","30.18264","24.07604","22.29861"
"-1","24.94028","24.77778","31.55694","24.98229","22.52708"
"-1","23.575","22.65938","34.96979","25.87708","21.28507"
"-1","23.21215","22.19965","34.41493","23.04271","20.07292"
"-1","23.03902","22.42648","34.04251","24.62708","21.07014"
"-1","23.9316","23.64826","30.80278","24.07396","23.20104"
"-1","24.58299","24.22049","28.87535","23.8875","24.72951"
"-1","25.33542","25.33715","29.69236","28.01979","24.42917"
"-1","25.3559","25.17535","29.48299","26.76563","23.29688"
"-1","24.46632","23.86493","28.76875","25.89167","21.28819"
"-1","23.80556","23.5191","28.36319","25.05","21.5816"
"-1","24.74757","25.08646","29.08264","23.16354","22.49688"
"-1","24.09479","24.38333","28.67153","23.20729","19.59167"
"-1","23.88611","23.875","27.98264","22.11771","18.04549"
"-1","24.38785","24.32847","28.69097","23.0625","20.17951"
"-1","24.58993","24.58854","29.33229","25.05833","21.43229"
"-1","24.1875","23.25","28.81736","25.90729","22.82778"
"-1","24.07639","22.99375","31.03507","26.69583","23.2316"
"-1","25.0316","24.54757","32.52153","28.97708","24.54653"
"-1","25.6816","25.35208","30.86285","29.28958","25.77569"
"-1","25.52396","25.29722","30.19757","29.18333","26.96146"
"-1","26.14271","25.93854","30.97118","27.825","26.28056"
"-1","25.53854","24.91215","30.09132","26.4625","22.23576"
"-1","24.0816","22.57708","29.09688","24.88229","22.18715"
"-1","23.91042","22.92153","29.94722","27.09583","23.49757"
"-1","24.90139","24.64896","31.0559","24.77917","24.40347"
"-1","25.07118","24.83368","31.32222","26.99688","25.12361"
"-1","24.94583","24.35694","31.11979","26.49479","25.81875"
"-1","26.05174","25.59132","31.8684","30.23333","25.98472"
"-1","25.69028","25.56146","31.49965","27.71563","26.31146"
"-1","24.61424","23.86354","28.95938","26.77083","25.12118"
"-1","24.11736","23.5309","28.59514","24.17083","23.87396"
"-1","23.8441","23.53194","28.22326","23.66667","22.65243"
"-1","23.56806","23.48715","28.38021","22.24583","19.97292"
"-1","23.96319","23.99896","28.91146","24.31979","20.56042"
"-1","24.60208","24.49132","29.44826","21.40104","16.2375"
"-1","24.3375","24.39896","28.80799","21.56771","17.25625"
"-1","23.69896","24.43299","28.32986","18.59479","19.17639"
"-1","25.64028","25.68785","29.17153","23.17188","18.75556"
"-1","24.4809","24.44201","28.39271","20.13646","18.15278"
"-1","24.91979","23.92569","29.35382","28.38125","25.73333"
"-1","24.88681","24.05694","30.80694","30.99063","27.60625"
"-1","25.69965","25.53646","30.83924","25.21354","23.05556"
"-1","24.03646","24.5934","28.39861","17.37292","14.08819"
"-1","24.323","24.43659","27.85401","19.10104","14.01042"
"-1","23.60382","24.1875","27.87569","17.29792","16.81916"
"-1","23.49688","23.78438","28.63438","15.52188","13.64105"
"-1","23.38472","23.49132","29.5934","16.28854","13.17639"
"-1","24.24653","24.21563","28.62292","19.55104","15.87118"
"-1","24.2375","24.46806","29.13403","18.05208","18.12882"
"-1","24.50833","24.89965","29.67257","20.59063","21.14722"
"-1","24.07778","24.65868","29.61146","16.89792","18.02882"
"-1","22.04653","22.55278","27.44028","14.57396","12.42396"
"-1","23.0066","23.03368","27.4066","17.98854","13.15069"
"-1","22.24271","21.90764","27.02847","18.6125","13.29375"
"-1","21.65694","20.9941","26.30417","20.86146","15.43403"
"-1","23.09618","22.58785","27.48715","21.90104","17.00139"
"-1","23.31215","22.83299","27.84931","20.85","17.2316"
"-1","22.45451","21.71563","27.125","19.10938","17.3066"
"-1","22.30972","22.16736","27.2184","20.61563","18.13333"
"-1","22.92014","22.90764","27.77639","19.23333","19.28889"
"-1","22.67396","21.91424","27.05451","20.95104","18.82708"
"-1","23.57465","22.66632","27.83021","24.51042","20.5941"
"-1","23.52257","23.24618","27.99306","21.88333","17.8"
"-1","23.98315","24.54045","29.10562","17.30417","17.45"
"-1","23.10556","23.68854","28.3816","16.68021","16.96042"
"-1","23.3125","23.89549","28.49444","16.56875","17.0566"
"-1","22.94618","23.30799","28.01076","15.56146","15.59236"
"-1","21.69965","21.49618","26.45104","17.49271","13.85833"
"-1","22.13958","21.77188","26.56632","18.12292","14.10104"
"-1","23.24514","23.09236","27.58299","19.04479","14.48715"
"-1","23.41146","23.23403","27.82813","19.50938","14.58611"
"-1","22.50451","21.86042","27.05069","19.97813","15.59583"
"-1","22.22951","22.68681","27.35868","16.2125","16.19201"
"-1","21.7375","21.66632","26.47951","17.74167","13.69549"
"-1","21.55903","21.66667","26.41319","15.71354","14.13819"
"-1","22.32813","22.31354","27.26285","19.06458","17.62951"
"-1","22.37292","23.02708","27.54444","15.46146","14.98576"
"-1","21.94306","22.3375","26.87708","15.32188","13.13125"
"-1","19.46806","20.37639","25.27847","9.33125","10.78819"
"-1","18.96597","19.31076","23.89097","12.60208","9.69965"
"-1","21.13715","22.07153","25.6875","12.76042","12.63958"
"-1","21.83403","23.27014","26.47326","9.55","8.89201"
"-1","22.10729","23.01076","27.37951","9.22917","7.52986"
"-1","21.27188","22.37118","25.89306","7.16458","7.03785"
"-1","20.70417","21.70486","25.56354","10.50208","7.9809"
"-1","21.16701","23.47465","25.86632","6.30417","7.55313"
"-1","21.15521","23.28681","25.70833","6.71771","7.46215"
"-1","22.89514","23.43194","27.16111","10.43438","7.15486"
"-1","22.05729","22.99583","27.26806","8.15313","5.15556"
"-1","22.36458","23.44861","27.93646","9.61563","9.05521"
"-1","21.52674","22.5441","27.72882","11.68333","12.675"
"-1","21.60069","22.66285","27.62361","13.75625","14.16736"
"-1","21.42367","23.32333","26.62867","8.626","8.53933"
"-1","6.625","7.47917","8.41389","0.11042","3.41215"
"-1","0","0","0","0","4.51215"
"-1","0","0","0","0","9.43333"
"-1","0","0","0","0","12.88021"
"-1","0","0","0","0","7.57292"
"-1","0","0","0","0","5.66215"
"-1","0","0","0","0","8.54965"
"-1","0","0","0","0","7.46042"
"-1","0","0","0","0","5.075"
"-1","0","0","0","0","0.025"
"-1","11.33715","11.74757","14.43229","2.74479","2.37917"
"-1","21.11597","22.26354","26.80694","8.39375","6.58542"
"-1","20.60972","21.31493","26.61493","9.97188","9.57778"
"-1","21.44479","22.65868","27.09271","11.875","10.57257"
"-1","21.63576","22.9941","27.40174","12.33125","13.36076"
"-1","21.35729","22.86563","27.17326","7.17708","7.95347"
"-1","21.84861","23.18194","26.47951","4.10938","2.90451"
"-1","21.82743","23.10764","26.89028","0.29412","2.04896"
"-1","20.86772","22.32246","26.97333","4.6439","6.30594"
"-1","20.58576","21.76458","26.55243","6.275","7.15938"
"-1","20.85208","23.17431","25.94896","-0.1375","-0.85694"
"-1","20.53576","23.70556","28.07326","-3.82188","-5.49583"
"-1","21.16493","24.38993","28.97049","-0.38021","0.85938"
"-1","21.02465","23.20382","26.29375","1.19063","3.77014"
"-1","21.13021","22.69757","26.675","2.34896","0.79861"
"-1","20.46111","21.91424","26.34861","-1.03021","-1.77743"
"-1","20.38542","21.67465","26.30417","-1.08438","-2.20347"
"-1","20.7625","23.26319","26.75521","-0.58854","1.85729"
"-1","21.03056","23.34722","27.0691","2.67292","5.44861"
"-1","21.44444","22.9875","27.3625","3.13229","4.78438"
"-1","22.03785","23.20313","28.5375","4.98333","3.37569"
"-1","21.57118","23.22951","29.01806","3.29063","4.425"
"-1","21.46354","22.73993","28.02743","8.14688","8.78819"
"-1","21.40313","23.30382","27.4941","1.44792","2.44792"
"-1","21.05486","23.33299","27.97917","-2.2375","-0.17396"
"-1","20.86736","23.16424","27.82674","-3.31875","-1.01493"
"-1","20.99306","23.35035","28.26632","-0.32396","1.91389"
"-1","20.39028","23.03125","29.21111","-3.81146","-2.33194"
"-1","20.00069","22.52153","31.20938","-5.44688","-3.38125"
"-1","20.69514","23.22431","29.71597","-7.16042","-5.10903"
"-1","19.94702","22.09649","26.5","-6.01563","-5.61993"
"-1","20.96701","23.66597","27.0691","-11.43333","-9.65833"
"-1","21.05208","23.65208","27.25035","-7.46979","-5.84375"
"-1","21.67569","23.25972","27.16354","-7.65","-8.24965"
"-1","21.19931","23.16319","27.18507","-6.40208","-4.70069"
"-1","21.28819","23.3566","27.99653","-1.74583","0.98885"
"-1","20.77569","22.63924","27.80729","0.40729","3.09444"
"-1","21.04653","22.76285","28.14444","1.43854","2.50521"
"-1","21.6434","23.80694","28.4441","1.18854","2.05"
"-1","21.59514","23.82847","28.38542","-0.4875","1.93438"
"-1","21.6691","23.56875","28.1691","-1.9125","-0.18785"
"-1","21.29583","23.09444","27.38507","-6.90521","-7.78889"
"-1","20.88542","23.41736","26.81146","-10.08333","-6.79201"
"-1","19.3816","20.98403","26.07049","-1.275","0.23472"
"-1","20.55313","22.21493","26.73715","0.13854","0.81076"
"-1","21.18889","23.43194","27.34688","2.29583","4.9434"
"-1","21.38438","23.59063","27.63472","2.26354","4.44306"
"-1","21.37639","22.93993","27.34931","-4.59583","-6.18958"
"-1","21.00868","23.24097","26.99375","-6.11875","-4.29271"
"-1","20.80833","23.41424","26.8816","-10.26146","-8.30799"
"-1","20.56944","23.1059","26.53056","-14.51979","-15.27188"
"-1","20.55486","22.62604","26.58507","-13.10521","-14.33438"
"-1","20.88056","23.37396","27.41424","-2.44063","-1.83194"
"-1","21.29097","23.57743","28.13646","-0.76105","1.60521"
"-1","22.04965","24.70313","28.2434","-4.03021","-3.99826"
"-1","21.16319","24.75451","26.39132","-15.83646","-14.74514"
"-1","21.10729","23.99549","26.10139","-9.54583","-7.7115"
"-1","21.33299","23.12986","26.42465","-5.00625","-5.09306"
"-1","21.42222","23.50556","26.75","-1.68438","0.41458"
"-1","20.21076","21.97465","25.98646","3.66771","5.59896"
"-1","17.83854","19.39375","23.62431","1.97083","3.9934"
"-1","20.82326","22.60174","27.00764","4.03438","5.55833"
"-1","22.24583","23.72049","28.46806","4.00313","5.33264"
"-1","21.45313","23.55382","27.58889","-0.08542","2.05451"
"-1","21.17778","23.32639","28.26389","-1.63125","0.72708"
"-1","21.13125","23.09479","28.05278","-0.03958","2.72292"
"-1","19.29514","20.80903","26.675","-1.22083","-0.08229"
"-1","17.79757","19.89063","25.57708","-4.23958","-1.25938"
"-1","21.13854","23.37292","27.80833","-6.4875","-5.73542"
"-1","20.96389","22.96563","27.50625","-14.02917","-15.14653"
"-1","20.82188","23.00764","27.25486","-13.46146","-13.97986"
"-1","21.12813","23.21701","27.33194","-12.0875","-12.45764"
"-1","20.69028","23.96597","26.5625","-11.90625","-9.20729"
"-1","18.17708","20.73264","24.74861","-7.23021","-5.5566"
"-1","17.61076","20.22014","24.18472","-10.74479","-7.36111"
"-1","20.56146","23.32153","26.57674","-9.50208","-7.94653"
"-1","20.60764","23.40694","27.08368","-12.45625","-11.29688"
"-1","20.6191","23.50521","27.1316","-12.67604","-9.45243"
"-1","20.69896","23.29792","26.55417","-5.23333","-3.94063"
"-1","20.96285","23.24861","26.92118","-0.25938","1.54514"
"-1","19.01319","20.92535","25.53056","-0.91667","1.7691"
"-1","18.7625","20.67153","25.27326","-2.01458","0.20278"
"-1","21.52334","22.87247","27.03136","-2.66771","-3.98194"
"-1","21.34201","23.21597","27.39028","-4.93854","-4.64757"
"-1","21.25625","23.57049","27.22986","-5.66146","-5.3059"
"-1","21.11181","23.37188","27.01597","-8.40729","-5.13646"
"-1","20.70729","23.13889","26.40174","-8.61354","-6.63368"
"-1","18.57118","20.63056","24.85139","-9.70313","-7.66354"
"-1","18.16528","20.16424","24.57396","-9.75729","-6.75104"
"-1","20.85139","22.79618","26.54896","-5.25417","-6.72639"
"-1","21.60625","23.63646","27.10486","-7.40313","-7.48125"
"-1","21.18056","22.83646","26.6559","-8.02396","-8.47396"
"-1","21.57917","23.24583","27.3941","-2.39688","-4.40868"
"-1","21.43958","23.31563","27.46111","-1.46667","-0.11285"
"-1","19.84132","21.38924","25.66528","-1.08229","-3.04618"
"-1","19.09236","20.71042","24.97257","-8.22917","-7.42743"
"-1","20.95764","22.93021","26.26597","-5.475","-6.75799"
"-1","21.28958","23.13264","27.25208","-0.96875","0.91806"
"-1","21.36771","23.09028","27.34444","4.71771","2.8066"
"-1","21.42813","23.50174","27.63889","1.14375","2.76042"
"-1","21.11944","23.25313","27.53333","3.50729","4.6559"
"-1","19.59792","21.06875","25.52361","5.50625","3.39132"
"-1","18.80694","20.27569","24.88958","-0.80938","0.25521"
"-1","20.83125","22.91875","26.97188","-3.08958","-3.80486"
"-1","20.91771","23.11493","27.02049","-5.18438","-4.54271"
"-1","20.78854","23.01007","26.07118","-8.50208","-8.35972"
"-1","20.66944","23.05313","25.98785","-8.9625","-9.49931"
"-1","21.08472","22.68576","26.2191","-8.89479","-9.97361"
"-1","18.74514","20.29444","24.96528","-5.06875","-2.87743"
"-1","18.97326","20.06528","24.78507","-9.40208","-8.39861"
"-1","21.04132","22.44722","26.08576","-9.39479","-11.38229"
"-1","21.00972","23.27222","26.8941","-9.64792","-6.46285"
"-1","21.40069","22.88229","27.16528","-4.74583","-5.42743"
"-1","21.87118","23.17778","28.03542","-6.04583","-4.56632"
"-1","22.04722","23.08819","27.69028","1.18021","0.04063"
"-1","20.61594","21.97319","26.13478","2.03478","1.6779"
"-1","19.37049","20.75972","25.07222","0.47813","-1.22257"
"-1","21.4691","22.73819","26.43368","6.43438","6.15243"
"-1","22.38889","23.29722","27.20625","10.59063","7.90729"
"-1","21.54774","23.30453","26.92404","1.06042","-2.1115"
"-1","21.20417","22.94063","26.51563","-3.79479","-9.20903"
"-1","21.38576","22.77326","26.69757","5.10313","4.09965"
"-1","19.71632","20.96771","25.52674","2.69583","2.54479"
"-1","19.38056","20.325","24.74861","-4.05","-7.77778"
"-1","21.0566","22.52986","26.47639","-6.78542","-6.20903"
"-1","21.50868","22.36528","27.28056","1.43438","0.39653"
"-1","21.46354","23.12569","27.75313","3.10729","4.89132"
"-1","21.39549","23.20104","27.09792","2.31667","3.70382"
"-1","21.94653","23.05556","26.74653","4.2375","2.55486"
"-1","19.98646","21.29896","25.43438","3.35938","2.7191"
"-1","19.43576","20.55903","24.62326","-0.87292","-4.83194"
"-1","19.21298","21.27176","24.37481","-5.68864","-6.20379"
